{"cameraMode":{"drawMode":0,"name":"Shaded","section":"Shading Mode"},"sceneLighting":true,"audioPlay":false,"sceneViewState":{"showFog":false,"showMaterialUpdate":false,"showSkybox":false,"showFlares":false,"showImageEffects":false,"showParticleSystems":false},"in2DMode":false,"pivot":{"x":-4.152124881744385,"y":-6.9984283447265629,"z":-0.24184751510620118},"rotation":{"x":0.6311203241348267,"y":-0.024422548711299897,"z":0.019886260852217675,"w":0.7750453352928162},"size":30.47500228881836,"orthographic":false}