{"cameraMode":{"drawMode":0,"name":"Shaded","section":"Shading Mode"},"sceneLighting":true,"audioPlay":false,"sceneViewState":{"showFog":false,"showMaterialUpdate":false,"showSkybox":false,"showFlares":false,"showImageEffects":false,"showParticleSystems":false},"in2DMode":false,"pivot":{"x":-4.146110534667969,"y":-7.033391952514648,"z":-1.7949193716049195},"rotation":{"x":0.4296872317790985,"y":-0.3643355667591095,"z":0.1949869990348816,"w":0.8028752207756043},"size":25.971054077148439,"orthographic":false}