{"cameraMode":{"drawMode":0,"name":"Shaded","section":"Shading Mode"},"sceneLighting":false,"audioPlay":false,"sceneViewState":{"showFog":true,"showMaterialUpdate":false,"showSkybox":true,"showFlares":true,"showImageEffects":true,"showParticleSystems":true},"in2DMode":false,"pivot":{"x":0.0,"y":0.5000000596046448,"z":-2.9802322387695315e-8},"rotation":{"x":0.47132930159568789,"y":-0.07786323130130768,"z":0.041823264211416247,"w":0.8775174617767334},"size":1.773428201675415,"orthographic":false}