{"cameraMode":{"drawMode":0,"name":"Shaded","section":"Shading Mode"},"sceneLighting":true,"audioPlay":false,"sceneViewState":{"showFog":false,"showMaterialUpdate":false,"showSkybox":false,"showFlares":false,"showImageEffects":false,"showParticleSystems":false},"in2DMode":false,"pivot":{"x":-4.152124881744385,"y":-6.9984283447265629,"z":-0.24184751510620118},"rotation":{"x":0.6899335384368897,"y":0.0010858069872483612,"z":-0.0010348999639973045,"w":0.7238711714744568},"size":30.47500228881836,"orthographic":false}